{
  "n_sequences_per_class": 25,
  "seq_length": 8,
  "image_size": 128,
  "inference_steps": 50,
  "use_fp16": true,
  "classes": [
    "A",
    "B",
    "G"
  ],
  "per_class": {
    "A": {
      "diversity": 0.007638901937748299,
      "pixel_diff": 0.01128319837152958,
      "ssim": 0.8412078298495794,
      "num_generated_sequences": 25,
      "num_generated_frames": 200,
      "num_real_frames_available": 5048
    },
    "B": {
      "diversity": 0.011181489564471573,
      "pixel_diff": 0.01324588991701603,
      "ssim": 0.8302067743637385,
      "num_generated_sequences": 25,
      "num_generated_frames": 200,
      "num_real_frames_available": 464
    },
    "G": {
      "diversity": 0.01591998711227399,
      "pixel_diff": 0.019186966121196747,
      "ssim": 0.8096204685406075,
      "num_generated_sequences": 25,
      "num_generated_frames": 200,
      "num_real_frames_available": 1176
    }
  },
  "overall_mean": {
    "diversity": 0.011580126204831287,
    "pixel_diff": 0.014572018136580786,
    "ssim": 0.8270116909179751
  },
  "elapsed_min": 1.5861735979715983
}