{
    "FID": 25.567931961380324,
    "IS_mean": 1.8122715950012207,
    "num_real_sequences": 75,
    "num_synth_sequences": 75
}