{
    "FID": 21.696326352750674,
    "IS_mean": 1.843653678894043,
    "num_real_sequences": 75,
    "num_synth_sequences": 75
}