{
    "FID": 465.70316535325657,
    "IS_mean": 1.1494841575622559,
    "num_real_sequences": 75,
    "num_synth_sequences": 75
}