{
  "n_sequences_per_class": 25,
  "seq_length": 8,
  "image_size": 128,
  "inference_steps": 50,
  "use_fp16": true,
  "classes": [
    "A",
    "B",
    "G"
  ],
  "per_class": {
    "A": {
      "diversity": 0.008644795976573912,
      "pixel_diff": 0.009597387164831161,
      "ssim": 0.8807315750301116,
      "num_generated_sequences": 25,
      "num_generated_frames": 200,
      "num_real_frames_available": 13352
    },
    "B": {
      "diversity": 0.010071281343692354,
      "pixel_diff": 0.011903395876288414,
      "ssim": 0.8629540825237351,
      "num_generated_sequences": 25,
      "num_generated_frames": 200,
      "num_real_frames_available": 1056
    },
    "G": {
      "diversity": 0.013353794813147976,
      "pixel_diff": 0.015088673681020737,
      "ssim": 0.8499285619352587,
      "num_generated_sequences": 25,
      "num_generated_frames": 200,
      "num_real_frames_available": 3664
    }
  },
  "overall_mean": {
    "diversity": 0.010689957377804747,
    "pixel_diff": 0.01219648557404677,
    "ssim": 0.8645380731630351
  },
  "elapsed_min": 1.6094061811765035
}