{
    "FID": 218.1506471747556,
    "IS_mean": 1.536518931388855,
    "num_real_sequences": 75,
    "num_synth_sequences": 75
}