{
    "FID": 38.16186027224481,
    "IS_mean": 1.8548747301101685,
    "num_real_sequences": 75,
    "num_synth_sequences": 75
}