{
    "FID": 29.356623445471712,
    "IS_mean": 1.8193387985229492,
    "num_real_sequences": 75,
    "num_synth_sequences": 75
}