{
  "n_sequences_per_class": 25,
  "seq_length": 8,
  "image_size": 128,
  "inference_steps": 50,
  "use_fp16": true,
  "classes": [
    "A",
    "B",
    "G"
  ],
  "per_class": {
    "A": {
      "diversity": 0.009681839495891383,
      "pixel_diff": 0.011679725721478462,
      "ssim": 0.8553566013025647,
      "num_generated_sequences": 25,
      "num_generated_frames": 200,
      "num_real_frames_available": 8304
    },
    "B": {
      "diversity": 0.01189131382852067,
      "pixel_diff": 0.014787447638809681,
      "ssim": 0.8554838786352913,
      "num_generated_sequences": 25,
      "num_generated_frames": 200,
      "num_real_frames_available": 688
    },
    "G": {
      "diversity": 0.014630275778463493,
      "pixel_diff": 0.016916431486606598,
      "ssim": 0.8406432603674664,
      "num_generated_sequences": 25,
      "num_generated_frames": 200,
      "num_real_frames_available": 2344
    }
  },
  "overall_mean": {
    "diversity": 0.012067809700958514,
    "pixel_diff": 0.01446120161563158,
    "ssim": 0.8504945801017741
  },
  "elapsed_min": 1.6002544363339741
}