{
    "FID": 33.783740370756036,
    "IS_mean": 1.8857146501541138,
    "num_real_sequences": 75,
    "num_synth_sequences": 75
}