{
    "FID": 29.160094322309504,
    "IS_mean": 1.864961862564087,
    "num_real_sequences": 75,
    "num_synth_sequences": 75
}