{
    "FID": 39.540066459780476,
    "IS_mean": 1.8570303916931152,
    "num_real_sequences": 75,
    "num_synth_sequences": 75
}