{
  "n_sequences_per_class": 25,
  "seq_length": 8,
  "image_size": 128,
  "inference_steps": 50,
  "use_fp16": true,
  "classes": [
    "A",
    "B",
    "G"
  ],
  "per_class": {
    "A": {
      "diversity": 0.008779936470085984,
      "pixel_diff": 0.009974900633096695,
      "ssim": 0.8822607029566272,
      "num_generated_sequences": 25,
      "num_generated_frames": 200,
      "num_real_frames_available": 13312
    },
    "B": {
      "diversity": 0.011136693879955169,
      "pixel_diff": 0.01172016840428114,
      "ssim": 0.8691845332885347,
      "num_generated_sequences": 25,
      "num_generated_frames": 200,
      "num_real_frames_available": 1056
    },
    "G": {
      "diversity": 0.014715541154137212,
      "pixel_diff": 0.01650894805788994,
      "ssim": 0.8435198808759139,
      "num_generated_sequences": 25,
      "num_generated_frames": 200,
      "num_real_frames_available": 3664
    }
  },
  "overall_mean": {
    "diversity": 0.011544057168059457,
    "pixel_diff": 0.012734672365089258,
    "ssim": 0.8649883723736919
  },
  "elapsed_min": 1.6075133204460144
}