{
  "n_sequences_per_class": 25,
  "seq_length": 8,
  "image_size": 128,
  "inference_steps": 50,
  "use_fp16": true,
  "classes": [
    "A",
    "B",
    "G"
  ],
  "per_class": {
    "A": {
      "diversity": 0.008211205713445897,
      "pixel_diff": 0.009417528286576271,
      "ssim": 0.8818186085635346,
      "num_generated_sequences": 25,
      "num_generated_frames": 200,
      "num_real_frames_available": 13336
    },
    "B": {
      "diversity": 0.010651716031127627,
      "pixel_diff": 0.012097306549549103,
      "ssim": 0.8642362666531039,
      "num_generated_sequences": 25,
      "num_generated_frames": 200,
      "num_real_frames_available": 1056
    },
    "G": {
      "diversity": 0.015034053474655511,
      "pixel_diff": 0.0157107375562191,
      "ssim": 0.8466873790216535,
      "num_generated_sequences": 25,
      "num_generated_frames": 200,
      "num_real_frames_available": 3664
    }
  },
  "overall_mean": {
    "diversity": 0.011298991739743011,
    "pixel_diff": 0.012408524130781492,
    "ssim": 0.8642474180794307
  },
  "elapsed_min": 1.6046264926592508
}