{
    "FID": 43.29560183184746,
    "IS_mean": 1.849233865737915,
    "num_real_sequences": 75,
    "num_synth_sequences": 75
}