{
    "FID": 34.89118298080041,
    "IS_mean": 1.5848677158355713,
    "num_real_sequences": 75,
    "num_synth_sequences": 75
}