{
    "FID": 38.23379713606285,
    "IS_mean": 1.8773530721664429,
    "num_real_sequences": 75,
    "num_synth_sequences": 75
}